metric,metric_name,kruskal_h,kruskal_p,tier1_n,tier1_mean,tier1_std,tier1_median,tier4_n,tier4_mean,tier4_std,tier4_median,mean_diff,cohens_d,effect_interpretation,mannwhitney_u,mannwhitney_p,bootstrap_ci_lower,bootstrap_ci_upper
emoji_rate,絵文字率 (%),4.18101173020527,0.2425698601176088,10,14.412683299233276,8.143208645044853,14.152967417156377,6,11.89792783349458,7.667822258210633,10.576951803979336,2.5147554657386966,0.31795770554197916,small,35.0,0.6353646353646354,-4.949132631640499,9.550368086287651
exclamation_rate,感嘆符率 (%),5.48333944281525,0.13963850599184874,10,2.278686223274648,1.3038070153569277,1.9292880051434715,6,2.3856297275322507,1.246679244937215,2.2235710228059853,-0.10694350425760257,-0.08384023780722352,negligible,26.0,0.7127872127872128,-1.276473642505637,1.0080389521939461
mean_comment_length,平均コメント長,2.3551136363636402,0.5020448914449036,10,31.978245833418963,11.87616114234253,31.53477652311961,6,35.20559670432681,7.69682136155324,36.45310815577086,-3.227350870907845,-0.32250597754160104,small,22.0,0.42782217782217785,-11.592823152165627,6.175776802012246
max_cpm,最大CPM,6.2289039589442865,0.10098938416842135,10,126.1,53.0795001232428,108.0,6,202.16666666666666,70.64677392964711,203.0,-76.06666666666666,-1.2173861507144221,large,8.0,0.015984015984015984,-134.5,-15.444166666666717
mean_cpm,平均CPM,9.88636363636364,0.019557199373630003,10,43.18825985304371,12.233271524145966,40.148795588158784,6,64.81802448245557,3.4471461869225846,65.24669568020632,-21.62976462941186,-2.4067582351435686,large,5.0,0.004745254745254745,-29.122967353809592,-13.15413495111905
topic_entropy,トピック多様性,4.266587243401759,0.23407922056507177,10,9.89900474595581,0.7799457201290738,10.142129305965167,6,9.75423683376769,0.6035671482916576,9.910529429227593,0.14476791218812046,0.20759565041660863,small,37.0,0.49225774225774227,-0.5003759596729199,0.7599790754414781
