group,n,mean,ci_low,ci_high,ci_width,stderr
Spain,2,0.4916414374095037,0.4225352112676056,0.5607476635514018,0.1382124522837962,0.048865481127147205
Japan,3,1.2962171776151097,0.7407407407407408,1.702127659574468,0.9613869188337273,0.2346835614554587
UK,4,0.5688502897067174,0.3398282389879028,0.8201259227095093,0.4802976837216065,0.12992107513672432
France,1,0.3947368421052631,0.3947368421052631,0.3947368421052631,0.0,
USA,1,1.2820512820512822,1.2820512820512822,1.2820512820512822,0.0,
Dominican,1,0.6498194945848376,0.6498194945848376,0.6498194945848376,0.0,
