group,n,mean,ci_low,ci_high,ci_width,stderr
Spain,2,0.10435192985740581,0.0685185185185185,0.1401853411962931,0.0716668226777746,0.025338048150774135
Japan,3,0.005426120022011733,0.0,0.0119502479473213,0.0119502479473213,0.0028521462685490656
UK,4,0.04965273491230105,0.03793958328006437,0.0589626660440016,0.021023082763937224,0.005625191594190159
France,1,0.1124169647419519,0.1124169647419519,0.1124169647419519,0.0,
USA,1,0.3072120170120351,0.3072120170120351,0.3072120170120351,0.0,
Dominican,1,0.1299391021101827,0.1299391021101827,0.1299391021101827,0.0,
