group,n,mean,ci_low,ci_high,ci_width,stderr
Spain,2,3.4535887012298137,2.812468407750632,4.094708994708995,1.282240586958363,0.4533405070754387
Japan,3,5.113971738404346,2.963173725713356,8.194971145919212,5.231797420205856,1.2902955766212272
UK,4,4.809760684330668,4.157887219619148,5.4616341490421885,1.3037469294230402,0.3548512765886176
France,1,3.805825242718447,3.805825242718447,3.805825242718447,0.0,
USA,1,5.810297710614424,5.810297710614424,5.810297710614424,0.0,
Dominican,1,7.453618467639145,7.453618467639145,7.453618467639145,0.0,
