group,n,mean,ci_low,ci_high,ci_width,stderr
Spain,2,38.65546295181931,26.58809523809524,50.72283066554338,24.13473542744814,8.532917541445894
Japan,3,14.639075157578858,11.748069262661572,16.46903254972875,4.72096328706718,1.1940818447081918
UK,4,35.138543390069096,28.06037596922762,44.74186774189511,16.681491772667492,4.459488475821525
France,1,36.941492079713846,36.941492079713846,36.941492079713846,0.0,
USA,1,31.04777848158537,31.04777848158537,31.04777848158537,0.0,
Dominican,1,27.499291885002123,27.499291885002123,27.499291885002123,0.0,
