group,n,mean,ci_low,ci_high,ci_width,stderr
Spain,2,27.17668158483612,26.61971830985916,27.733644859813083,1.1139265499539235,0.39383250860807734
Japan,3,38.017716782549165,11.47044917257683,75.9320987654321,64.46164959285527,15.886643823827038
UK,4,26.41711819752451,23.39627659574468,29.437959799304338,6.041683203559657,1.5986953487165154
France,1,25.75,25.75,25.75,0.0,
USA,1,47.22649572649573,47.22649572649573,47.22649572649573,0.0,
Dominican,1,50.98194945848376,50.98194945848376,50.98194945848376,0.0,
