group,n,mean,ci_low,ci_high,ci_width,stderr
France,1,0.0102197240674501,0.0102197240674501,0.0102197240674501,0.0,
Japan,2,0.0458335258926428,0.0438517179023508,0.0478153338829348,0.0039636159805840065,0.001981807990292003
Spain,2,0.021626036916685548,0.0026455026455026,0.0406065711878685,0.0379610685423659,0.018980534271182948
UK,4,0.012199151444013375,0.00814987029691315,0.018377399854711426,0.010227529557798275,0.0030596422493856246
