group,n,mean,ci_low,ci_high,ci_width,stderr
France,1,25.75,25.75,25.75,0.0,
Japan,2,19.060525791107693,11.470449172576831,26.650602409638555,15.180153237061724,7.590076618530861
Spain,2,27.17668158483612,26.61971830985916,27.733644859813083,1.1139265499539235,0.5569632749769617
UK,4,26.41711819752451,23.39627659574468,29.437959799304338,6.041683203559657,1.8460143798673656
